US	US	1.0
US	PR	0.859541
US	CN	0.800522
US	MX	0.829123
US	PT	0.871393
US	BR	0.879225
US	DM	0.880176
US	RU	0.875852
US	GT	0.889378
US	PA	0.88349
US	HN	0.864033
US	CR	0.8518
US	SV	0.842612
US	DO	0.914105
US	IT	0.935829
US	PE	0.895036
US	CO	0.861676
US	AR	0.899271
US	CL	0.80104
US	VE	0.91539
US	GR	0.885319
US	DE	0.928828
US	HT	0.878214
US	CU	0.900943
US	JM	0.86491
US	FR	0.873225
US	CA	0.917703
