Column,Cosine,Euclindean,Manhattan,Origianl
AGE,0.0091998,0.0090593,0.0086154,0.0084028
BIRTHPLACE,0.0006217,0.0064881,0.0060811,0.0056576
CONDITION,0.0055775,0.0159113,0.011211,0.0106293
ETHNICITY,0.0004775,0.0266699,0.0249594,0.0360841
GENDER,0.0,0.0339462,0.0403762,0.0348978
RACE,0.0000445,0.0211637,0.0163924,0.0166174
TOTAL LE SCORE,0.0026535,0.0188731,0.0179392,0.0187148
