Columns,Origianl,Cosine,Euclidean,Manhattan
AGE,0.01173,0.01157,0.01086,0.01057
BIRTHPLACE,0.00122,0.0072,0.0072,0.00665
ETHNICITY,0.00103,0.02847,0.02697,0.03861
GENDER,0.0,0.03546,0.04137,0.03532
RACE,0.00009,0.02277,0.01764,0.01808
CONDITION,0.00803,0.01729,0.01251,0.01186
TOTAL LM,0.00368,0.02046,0.01943,0.02018
