Column,Origianl,Cosine,Euclidean,Manhattan
AGE,0.0092,0.00906,0.00862,0.0084
BIRTHPLACE,0.00062,0.00649,0.00608,0.00566
ETHNICITY,0.00048,0.02667,0.02496,0.03608
GENDER,0.0,0.03395,0.04038,0.0349
RACE,0.00004,0.02116,0.01639,0.01662
CONDITION,0.00558,0.01591,0.01121,0.01063
TOTAL LE,0.00265,0.01887,0.01794,0.01871
