US	US	1.0
US	PR	-243.297833
US	CN	-269.536517
US	MX	-255.57356
US	PT	-229.240763
US	BR	-212.285984
US	DM	-220.316147
US	RU	-225.976409
US	GT	-215.504614
US	PA	-230.03684
US	HN	-234.767348
US	CR	-238.800647
US	SV	-243.234765
US	DO	-183.58485
US	IT	-165.602794
US	PE	-212.266323
US	CO	-223.823142
US	AR	-201.6152
US	CL	-268.17052
US	VE	-179.011047
US	GR	-211.379531
US	DE	-168.761158
US	HT	-223.124486
US	CU	-200.663302
US	JM	-241.30903
US	FR	-228.77874
US	CA	-180.817883
