US	US	1.0
US	PR	-10.073842
US	CN	-11.561072
US	MX	-10.719953
US	PT	-9.462011
US	BR	-8.840071
US	DM	-9.178918
US	RU	-9.366396
US	GT	-8.907663
US	PA	-9.634195
US	HN	-9.623046
US	CR	-10.082559
US	SV	-10.218073
US	DO	-7.363555
US	IT	-6.456912
US	PE	-8.761495
US	CO	-9.500408
US	AR	-8.197999
US	CL	-11.513572
US	VE	-7.299577
US	GR	-8.787711
US	DE	-6.712603
US	HT	-9.171545
US	CU	-8.195824
US	JM	-9.878753
US	FR	-9.424712
US	CA	-7.280747
