Column,Cosine,Euclindean,Manhattan,Origianl
AGE,0.009199813237870622,0.009059337398704542,0.00861535289753567,0.008402759390147162
BIRTHPLACE,0.0006216852716174404,0.006488102466044516,0.006081056813651658,0.005657592513095375
CONDITION,0.005577463498174174,0.015911263736863846,0.011211016270287623,0.010629304809677281
ETHNICITY,0.000477538761357237,0.026669863147489863,0.024959423705483708,0.036084143489816076
GENDER,0.0,0.03394623918891878,0.04037619227605221,0.03489783667207684
RACE,4.446717211018964e-05,0.02116370589411416,0.016392378326695954,0.0166173822175732
TOTAL LE SCORE,0.0026535,0.0188731,0.0179392,0.0187148
